{
  "pieces": {
    "Tetris01": [
      [1, 0, 0],
      [1, 1, 1]
    ],
    "Tetris02": [
      [0, 1, 0],
      [0, 1, 0],
      [1, 1, 1]
    ],
    "Tetris03": [
      [0, 1, 0],
      [1, 1, 1],
      [0, 1, 0]
    ],
    "Tetris04": [
      [0, 0, 1],
      [1, 1, 1],
      [1, 0, 0]
    ],
    "Tetris05": [
      [0, 1, 0],
      [1, 1, 1]
    ],
    "Tetris06": [
      [1, 1],
      [1, 1]
    ],
    "Tetris07": [
      [1, 0, 1],
      [1, 1, 1]
    ],
    "Tetris08": [
      [1, 1, 1]
    ],
    "Tetris09": [
      [0, 1],
      [1, 1],
      [1, 0]
    ],
    "Tetris10": [
      [0, 1],
      [1, 1],
      [1, 0]
    ],
    "Tetris11": [
      [1, 0],
      [1, 1]
    ],
    "Tetris12": [
      [0, 0, 1],
      [0, 1, 1],
      [1, 1, 0]
    ],
    "Tetris13": [
      [1, 1]
    ],
    "Tetris14": [
      [0, 1],
      [1, 1],
      [1, 0],
      [1, 0],
      [1, 1]
    ],
    "Tetris15": [
      [1, 1, 1],
      [1, 0, 0],
      [1, 0, 0],
      [1, 0, 0],
      [1, 0, 0]
    ],
    "Tetris16": [
      [0, 0, 0, 1, 0],
      [0, 0, 0, 1, 0],
      [0, 0, 0, 1, 1],
      [0, 1, 1, 1, 0],
      [1, 1, 0, 0, 0]
    ],
    "Tetris17": [
      [0, 0, 1],
      [0, 1, 1],
      [1, 1, 0],
      [1, 0, 0]
    ],
    "Tetris18": [
      [0, 1, 0],
      [1, 1, 1],
      [1, 1, 0]
    ],
    "Tetris19": [
      [1, 1, 1]
    ],
    "Tetris20": [
      [1, 0],
      [1, 1],
      [1, 0],
      [1, 0],
      [1, 0]
    ],
    "Tetris21": [
      [0, 1, 1],
      [1, 1, 0],
      [1, 1, 0]
    ],
    "Tetris22": [
      [0, 1, 0],
      [1, 1, 0],
      [1, 1, 1]
    ],
    "Tetris23": [
      [0, 1, 0],
      [0, 1, 0],
      [1, 1, 1],
      [1, 0, 0]
    ],
    "Tetris24": [
      [1, 0],
      [1, 1]
    ],
    "Tetris25": [
      [1, 1],
      [1, 1],
      [1, 1]
    ],
    "Tetris26": [
      [1, 1, 1],
      [0, 1, 0],
      [0, 1, 0],
      [0, 1, 0]
    ],
    "Tetris27": [
      [1, 0, 0, 0],
      [1, 1, 0, 0],
      [0, 1, 1, 0],
      [0, 0, 1, 1]
    ],
    "Tetris28": [
      [1, 1, 1, 1, 1]
    ],
    "Tetris29": [
      [1, 0, 0],
      [1, 1, 1],
      [0, 0, 1],
      [0, 0, 1]
    ],
    "Tetris30": [
      [1, 0],
      [1, 1],
      [1, 0],
      [1, 1],
      [1, 0]
    ],
    "Tetris31": [
      [1, 0],
      [1, 1],
      [1, 1],
      [1, 0]
    ],
    "Tetris32": [
      [0, 1, 0],
      [0, 1, 0],
      [0, 1, 0],
      [1, 1, 1],
      [1, 0, 1]
    ],
    "Tetris33": [
      [0, 1],
      [1, 1],
      [1, 0],
      [1, 0],
      [1, 1]
    ],
    "Tetris34": [
      [1, 1]
    ],
    "Tetris35": [
      [1, 0, 0, 0],
      [1, 1, 1, 0],
      [1, 0, 1, 1]
    ],
    "Tetris36": [
      [0, 1],
      [0, 1],
      [1, 1],
      [1, 0],
      [1, 0]
    ],
    "Tetris37": [
      [1, 1, 0, 0],
      [0, 1, 0, 0],
      [0, 1, 1, 1],
      [1, 1, 0, 0],
      [1, 0, 0, 0]
    ],
    "Tetris38": [
      [1, 0],
      [1, 0],
      [1, 1],
      [1, 0]
    ],
    "Tetris39": [
      [0, 1],
      [1, 1],
      [1, 0]
    ],
    "Tetris40": [
      [1, 0, 0, 1],
      [1, 1, 1, 1]
    ],
    "Tetris41": [
      [0, 0, 0, 0, 1, 1],
      [1, 0, 0, 0, 0, 1],
      [1, 1, 1, 1, 1, 1]
    ],
    "Tetris42": [
      [1, 0, 0, 0],
      [1, 0, 0, 0],
      [1, 1, 0, 0],
      [0, 1, 1, 1]
    ],
    "Tetris43": [
      [1, 1, 0],
      [0, 1, 1],
      [1, 1, 0],
      [0, 1, 1],
      [0, 1, 0]
    ],
    "Tetris44": [
      [1, 0],
      [1, 1],
      [1, 1]
    ],
    "Tetris45": [
      [0, 1, 0, 0],
      [0, 1, 0, 0],
      [1, 1, 1, 1]
    ],
    "Tetris46": [
      [1, 1],
      [1, 1]
    ],
    "Tetris47": [
      [0, 1],
      [1, 1],
      [1, 1],
      [1, 0]
    ],
    "Tetris48": [
      [1, 1, 1],
      [0, 1, 0],
      [1, 1, 0]
    ],
    "Tetris49": [
      [1, 1, 1, 1]
    ],
    "Tetris50": [
      [0, 1, 0],
      [1, 1, 1]
    ],
    "Tetris51": [
      [1, 0, 0, 0],
      [1, 0, 0, 0],
      [1, 1, 1, 1]
    ],
    "Tetris52": [
      [0, 1, 1, 0],
      [1, 1, 0, 0],
      [0, 1, 1, 1]
    ],
    "Tetris53": [
      [0, 1],
      [1, 1],
      [1, 0],
      [1, 0]
    ],
    "Tetris54": [
      [1, 0, 0],
      [1, 1, 1]
    ],
    "Tetris55": [
      [1, 0],
      [1, 1],
      [1, 0],
      [1, 0],
      [1, 0]
    ],
    "Tetris56": [
      [0, 0, 1, 1, 1],
      [0, 0, 1, 0, 0],
      [0, 0, 1, 0, 0],
      [0, 0, 1, 0, 0],
      [1, 1, 1, 0, 0]
    ],
    "Tetris57": [
      [0, 1],
      [0, 1],
      [1, 1],
      [1, 0],
      [1, 1],
      [1, 0]
    ],
    "Tetris58": [
      [1, 1, 1, 1]
    ],
    "Tetris59": [
      [1, 1, 0, 0],
      [0, 1, 0, 0],
      [0, 1, 1, 1],
      [0, 0, 0, 1]
    ],
    "Tetris60": [
      [0, 1, 0],
      [0, 1, 0],
      [1, 1, 1],
      [0, 1, 0],
      [0, 1, 0]
    ],
    "Tetris61": [
      [0, 0, 1],
      [0, 0, 1],
      [1, 1, 1]
    ],
    "Tetris62": [
      [1],
      [1],
      [1],
      [1],
      [1],
      [1]
    ],
    "Tetris63": [
      [1, 0, 1],
      [1, 1, 1],
      [0, 1, 0],
      [1, 1, 0]
    ],
    "Tetris64": [
      [0, 0, 1, 0],
      [1, 1, 1, 0],
      [0, 1, 1, 1],
      [0, 1, 0, 0]
    ],
    "Tetris65": [
      [0, 1, 1],
      [0, 1, 0],
      [0, 1, 0],
      [1, 1, 1]
    ],
    "Tetris66": [
      [1, 0],
      [1, 0],
      [1, 1],
      [1, 0],
      [1, 0]
    ],
    "Tetris67": [
      [1, 1, 0, 0],
      [0, 1, 0, 0],
      [0, 1, 0, 1],
      [1, 1, 1, 1]
    ],
    "Tetris68": [
      [0, 0, 1],
      [0, 1, 1],
      [1, 1, 0],
      [1, 0, 0],
      [1, 1, 0]
    ],
    "Tetris69": [
      [0, 1, 1],
      [0, 1, 0],
      [0, 1, 0],
      [0, 1, 0],
      [1, 1, 0],
      [1, 0, 0]
    ],
    "Tetris70": [
      [1, 0, 1, 0],
      [1, 1, 1, 1]
    ],
    "Tetris71": [
      [1, 1, 0, 0],
      [0, 1, 0, 1],
      [0, 1, 0, 1],
      [0, 1, 1, 1]
    ],
    "Tetris72": [
      [1, 0],
      [1, 1],
      [1, 0],
      [1, 0],
      [1, 0]
    ],
    "Tetris73": [
      [1, 0, 0, 0],
      [1, 0, 1, 0],
      [1, 1, 1, 1],
      [0, 1, 0, 0],
      [0, 1, 0, 0]
    ],
    "Tetris74": [
      [1, 1],
      [1, 0],
      [1, 0],
      [1, 0],
      [1, 0],
      [1, 0],
      [1 ,0]
    ],
    "Tetris75": [
      [0, 1, 0],
      [1, 1, 1],
      [1, 0, 0],
      [1, 0, 0]
    ],
    "Tetris76": [
      [1, 1]
    ],
    "Tetris77": [
      [0, 0, 1],
      [1, 0, 1],
      [1, 1, 1]
    ],
    "Tetris78": [
      [0, 1, 0],
      [1, 1, 1],
      [1, 0, 1]
    ],
    "Tetris80": [
      [0, 0, 1, 0, 0],
      [0, 0, 1, 0, 0],
      [1, 1, 1, 1, 1],
      [0, 0, 1, 0, 0],
      [0, 0, 1, 0, 0]
    ],
    "Tetris81": [
      [0, 0, 0, 1],
      [0, 0, 1, 1],
      [0, 0, 1, 0],
      [0, 0, 1, 0],
      [0, 1, 1, 0],
      [1, 1, 0, 0]
    ],
    "Tetris82": [
      [1, 1],
      [1, 0],
      [1, 1],
      [1, 0],
      [1, 1]
    ],
    "Tetris83": [
      [0, 1, 0, 0],
      [0, 1, 0, 0],
      [0, 1, 0, 0],
      [1, 1, 1, 1],
      [0, 1, 0, 0]
    ],
    "Tetris84": [
      [0, 1],
      [1, 1],
      [1, 0],
      [1, 0],
      [1, 0]
    ],
    "Tetris85": [
      [0, 1, 1],
      [0, 1, 0],
      [1, 1, 0],
      [1, 0, 0]
    ],
    "Tetris86": [
      [0, 1, 1],
      [0, 1, 0],
      [1, 1, 0],
      [0, 1, 1],
      [0, 1, 0],
      [0, 1, 0]
    ],
    "Tetris87": [
      [1, 1, 0],
      [1, 1, 0],
      [0, 1, 1],
      [0, 1, 0],
      [0, 1, 0],
      [0, 1, 0]
    ],
    "Tetris88": [
      [0, 1, 0],
      [0, 1, 1],
      [1, 1, 0],
      [0, 1, 0]
    ],
    "Tetris89": [
      [1, 1, 0, 0],
      [1, 1, 1, 1]
    ],
    "Tetris90": [
      [0, 0, 1, 1],
      [1, 1, 1, 0],
      [1, 0, 0, 0],
      [1, 1, 0, 0]
    ],
    "Tetris91": [
      [0, 1, 1],
      [0, 1, 0],
      [0, 1, 0],
      [1, 1, 0]
    ],
    "Tetris92": [
      [0, 1, 0],
      [0, 1, 0],
      [1, 1, 1],
      [0, 1, 0]
    ],
    "Tetris93": [
      [1, 1, 1],
      [1, 0, 1],
      [1, 0, 0],
      [1, 1, 0]
    ],
    "Tetris94": [
      [0, 1, 0],
      [0, 1, 1],
      [1, 1, 0],
      [1, 0, 0]
    ],
    "Tetris95": [
      [1, 0, 0],
      [1, 1, 0],
      [1, 1, 1]
    ],
    "Tetris96": [
      [1, 0],
      [1, 0],
      [1, 0],
      [1, 1]
    ],
    "Tetris97": [
      [0, 1, 0, 0],
      [1, 1, 1, 1],
      [1, 0, 0, 0]
    ],
    "Tetris98": [
      [0, 1, 1],
      [1, 1, 0],
      [1, 0, 0],
      [1, 0, 0]
    ],
    "Tetris99": [
      [0, 1],
      [1, 1],
      [1, 0],
      [1, 1]
    ]
  }
}
